,Player,Pos,Age,Tm,G,GS,MP,FG,FGA,FG%,3P,3PA,3P%,2P,2PA,2P%,eFG%,FT,FTA,FT%,ORB,DRB,TRB,AST,STL,BLK,TOV,PF,PTS
0,Steven Adams,C,26,OKC,15,15,392,63,111,.568,0,0,,63,111,.568,.568,14,35,.400,41,93,134,43,7,13,21,27,140
1,Bam Adebayo,C,22,MIA,18,18,575,90,153,.588,1,6,.167,89,147,.605,.592,67,103,.650,40,145,185,79,28,22,49,45,248
2,LaMarcus Aldridge,C,34,SAS,20,20,656,153,296,.517,11,31,.355,142,265,.536,.535,60,72,.833,41,93,134,50,13,36,33,43,377
3,Nickeil Alexander-Walker,SG,21,NOP,16,0,230,36,112,.321,21,61,.344,15,51,.294,.415,10,14,.714,2,34,36,36,5,2,20,26,103
4,Grayson Allen,SG,24,MEM,8,0,127,15,53,.283,6,26,.231,9,27,.333,.340,11,13,.846,2,18,20,14,2,0,10,13,47
5,Jarrett Allen,C,21,BRK,19,16,505,89,132,.674,0,1,.000,89,131,.679,.674,49,86,.570,65,132,197,21,13,25,23,47,227
6,Al-Farouq Aminu,PF,29,ORL,18,2,380,25,86,.291,9,36,.250,16,50,.320,.343,19,29,.655,24,63,87,21,18,8,17,27,78
7,Kyle Anderson,PF,26,MEM,17,0,348,47,93,.505,4,16,.250,43,77,.558,.527,16,28,.571,16,59,75,44,12,12,15,29,114
8,Ryan Anderson,PF,31,HOU,2,0,14,2,7,.286,1,5,.200,1,2,.500,.357,0,0,,0,7,7,2,1,0,1,1,5
9,Giannis Antetokounmpo,PF,25,MIL,20,20,647,230,411,.560,28,98,.286,202,313,.645,.594,130,222,.586,54,213,267,118,30,28,81,66,618
10,Kostas Antetokounmpo,PF,22,LAL,2,0,3,0,0,,0,0,,0,0,,,0,0,,0,1,1,0,0,0,0,0,0
11,Thanasis Antetokounmpo,SF,27,MIL,3,0,13,2,4,.500,0,0,,2,4,.500,.500,0,0,,2,0,2,1,0,0,1,2,4
12,Carmelo Anthony,PF,35,POR,6,6,184,42,91,.462,10,27,.370,32,64,.500,.516,12,15,.800,6,30,36,13,4,1,13,21,106
13,OG Anunoby,SF,22,TOR,17,17,511,76,144,.528,31,65,.477,45,79,.570,.635,9,18,.500,17,79,96,28,19,15,21,41,192
14,Ryan Arcidiacono,PG,25,CHI,20,0,340,29,74,.392,19,44,.432,10,30,.333,.520,14,19,.737,10,24,34,37,11,1,12,42,91
15,Trevor Ariza,SF,34,SAC,11,0,227,15,42,.357,12,32,.375,3,10,.300,.500,4,5,.800,4,34,38,9,9,0,7,19,46
16,D.J. Augustin,PG,32,ORL,18,5,460,58,151,.384,17,56,.304,41,95,.432,.440,33,38,.868,7,31,38,85,12,0,23,19,166
17,Deandre Ayton,C,21,PHO,1,1,33,9,14,.643,0,0,,9,14,.643,.643,0,0,,3,8,11,0,1,4,0,2,18
18,Dwayne Bacon,SG,24,CHO,15,10,318,43,133,.323,9,38,.237,34,95,.358,.357,18,26,.692,7,34,41,20,13,2,19,26,113
19,Marvin Bagley,PF,20,SAC,1,1,28,6,16,.375,0,0,,6,16,.375,.375,2,4,.500,4,6,10,0,1,1,1,1,14
20,,,,,,,,,,,,,,,,,,,,,,,,,,,,,
21,Lonzo Ball,PG,22,NOP,11,8,298,46,119,.387,24,70,.343,22,49,.449,.487,6,10,.600,10,35,45,63,14,2,26,20,122
22,Mo Bamba,C,21,ORL,16,0,243,35,85,.412,12,30,.400,23,55,.418,.482,4,8,.500,23,57,80,9,5,22,22,35,86
23,J.J. Barea,PG,35,DAL,3,0,44,13,25,.520,7,10,.700,6,15,.400,.660,2,2,1.000,1,3,4,6,2,1,4,1,35
24,Harrison Barnes,PF,27,SAC,18,18,631,103,206,.500,28,72,.389,75,134,.560,.568,67,84,.798,19,71,90,37,18,4,25,24,301
25,RJ Barrett,SG,19,NYK,18,18,594,105,253,.415,20,59,.339,85,194,.438,.455,46,90,.511,22,76,98,63,25,7,49,48,276
26,Will Barton,SF,29,DEN,15,15,492,87,191,.455,29,68,.426,58,123,.472,.531,28,38,.737,29,81,110,52,15,7,23,31,231
27,Keita Bates-Diop,SF,24,MIN,7,0,125,23,41,.561,11,24,.458,12,17,.706,.695,5,8,.625,5,14,19,2,3,4,3,8,62
28,Nicolas Batum,SF,31,CHO,10,0,224,12,35,.343,7,27,.259,5,8,.625,.443,5,5,1.000,9,36,45,35,6,5,16,19,36
29,Aron Baynes,C,33,PHO,13,12,312,71,126,.563,25,57,.439,46,69,.667,.663,24,34,.706,19,55,74,38,4,9,14,51,191
30,Kent Bazemore,SF,30,POR,20,2,449,48,145,.331,22,68,.324,26,77,.338,.407,28,36,.778,8,78,86,37,18,14,29,59,146
31,Darius Bazley,PF,19,OKC,18,0,310,31,70,.443,14,36,.389,17,34,.500,.543,8,14,.571,7,58,65,10,6,9,14,17,84
32,Bradley Beal,SG,26,WAS,17,17,623,170,360,.472,49,140,.350,121,220,.550,.540,92,111,.829,16,57,73,121,17,4,55,44,481
33,Malik Beasley,SG,23,DEN,13,0,203,31,78,.397,18,38,.474,13,40,.325,.513,5,5,1.000,4,15,19,15,8,2,15,17,85
34,Marco Belinelli,SG,33,SAS,19,0,306,34,117,.291,17,58,.293,17,59,.288,.363,12,18,.667,1,31,32,30,5,0,9,14,97
35,Jordan Bell,C,25,MIN,9,0,74,11,19,.579,0,3,.000,11,16,.688,.579,7,11,.636,9,23,32,6,0,3,12,6,29
36,DeAndre' Bembry,SG,25,ATL,20,2,518,66,128,.516,8,28,.286,58,100,.580,.547,18,37,.486,20,71,91,57,30,8,33,46,158
37,Dragan Bender,SF,22,MIL,2,0,16,5,7,.714,2,4,.500,3,3,1.000,.857,0,0,,0,1,1,2,0,1,1,5,12
38,Dāvis Bertāns,PF,27,WAS,17,0,468,72,160,.450,56,127,.441,16,33,.485,.625,18,21,.857,12,64,76,31,9,8,12,44,218
39,Patrick Beverley,PG,31,LAC,18,18,542,50,137,.365,22,81,.272,28,56,.500,.445,13,21,.619,24,90,114,60,25,12,28,69,135
40,Khem Birch,C,27,ORL,9,4,172,15,29,.517,0,1,.000,15,28,.536,.517,8,17,.471,12,29,41,2,3,4,5,23,38
41,,,,,,,,,,,,,,,,,,,,,,,,,,,,,
42,Goga Bitadze,C,20,IND,14,2,198,26,55,.473,4,12,.333,22,43,.512,.509,14,19,.737,16,34,50,14,1,18,9,30,70
43,Bismack Biyombo,C,27,CHO,19,4,308,58,97,.598,0,0,,58,97,.598,.598,33,60,.550,29,47,76,16,6,14,13,37,149
44,Nemanja Bjelica,PF,31,SAC,18,17,468,70,151,.464,30,72,.417,40,79,.506,.563,12,13,.923,35,85,120,45,16,8,30,53,182
45,Eric Bledsoe,PG,30,MIL,20,20,549,119,256,.465,24,78,.308,95,178,.534,.512,53,68,.779,19,81,100,114,16,8,45,52,315
46,Bogdan Bogdanović,SG,27,SAC,17,0,473,89,220,.405,48,125,.384,41,95,.432,.514,29,40,.725,4,43,47,82,25,2,31,32,255
47,Bojan Bogdanović,SF,30,UTA,18,18,600,137,281,.488,59,126,.468,78,155,.503,.593,65,74,.878,12,67,79,39,14,4,49,36,398
48,Jonah Bolden,PF,24,PHI,2,0,5,1,1,1.000,0,0,,1,1,1.000,1.000,0,2,.000,0,0,0,0,1,0,1,0,2
49,Jordan Bone,PG,22,DET,3,0,6,2,5,.400,0,1,.000,2,4,.500,.400,0,0,,0,0,0,0,0,0,2,2,4
50,Isaac Bonga,SF,20,WAS,12,7,180,18,37,.486,4,9,.444,14,28,.500,.541,6,9,.667,8,23,31,13,7,2,7,22,46
51,Devin Booker,SG,23,PHO,18,18,638,158,310,.510,39,93,.419,119,217,.548,.573,86,90,.956,9,57,66,114,10,6,74,57,441
52,Chris Boucher,PF,27,TOR,16,0,214,36,80,.450,8,27,.296,28,53,.528,.500,20,29,.690,37,42,79,10,6,15,7,26,100
53,Brian Bowen,SG,21,IND,3,0,10,1,4,.250,0,1,.000,1,3,.333,.250,0,0,,0,1,1,0,0,1,0,0,2
54,Ky Bowman,PG,22,GSW,20,6,453,69,151,.457,21,51,.412,48,100,.480,.526,16,17,.941,9,41,50,55,19,2,20,38,175
55,Avery Bradley,SG,29,LAL,10,10,274,41,84,.488,8,28,.286,33,56,.589,.536,6,8,.750,7,25,32,18,10,1,11,26,96
56,Tony Bradley,C,22,UTA,13,2,142,27,41,.659,0,0,,27,41,.659,.659,9,14,.643,19,31,50,4,2,7,7,26,63
57,Jarrell Brantley,PF,23,UTA,1,0,5,0,0,,0,0,,0,0,,,0,0,,0,3,3,1,0,1,0,0,0
58,Ignas Brazdeikis,SF,21,NYK,5,0,24,3,10,.300,0,2,.000,3,8,.375,.300,2,2,1.000,1,0,1,1,0,1,2,2,8
59,Mikal Bridges,SF,23,PHO,18,0,356,38,84,.452,6,28,.214,32,56,.571,.488,24,29,.828,14,48,62,18,25,5,10,29,106
60,Miles Bridges,SF,21,CHO,21,21,662,108,238,.454,33,95,.347,75,143,.524,.523,24,30,.800,29,86,115,42,11,16,33,41,273
61,Oshae Brissett,SF,21,TOR,3,0,13,1,3,.333,1,1,1.000,0,2,.000,.500,0,0,,0,1,1,1,1,0,0,0,3
62,,,,,,,,,,,,,,,,,,,,,,,,,,,,,
63,Ryan Broekhoff,SG,29,DAL,4,0,25,4,8,.500,4,5,.800,0,3,.000,.750,0,0,,0,5,5,3,1,0,1,1,12
64,Malcolm Brogdon,PG,27,IND,16,16,508,114,239,.477,22,68,.324,92,171,.538,.523,60,62,.968,9,69,78,127,15,4,48,34,310
65,Dillon Brooks,SG,24,MEM,18,18,492,83,214,.388,30,80,.375,53,134,.396,.458,32,40,.800,20,44,64,37,18,7,25,69,228
66,Bruce Brown,SG,23,DET,19,15,516,57,133,.429,10,30,.333,47,103,.456,.466,18,33,.545,15,61,76,70,20,10,37,55,142
67,Charlie Brown,SG,22,ATL,4,0,16,1,3,.333,1,1,1.000,0,2,.000,.500,4,4,1.000,2,1,3,0,0,1,0,0,7
68,Jaylen Brown,SF,23,BOS,15,15,500,106,219,.484,25,70,.357,81,149,.544,.541,43,59,.729,17,92,109,31,19,4,25,46,280
69,Moses Brown,C,20,POR,4,0,15,3,7,.429,0,0,,3,7,.429,.429,2,4,.500,2,7,9,0,1,0,1,4,8
70,Sterling Brown,SF,24,MIL,15,0,255,31,74,.419,15,40,.375,16,34,.471,.520,10,13,.769,11,64,75,22,8,2,15,21,87
71,Troy Brown,SG,20,WAS,14,10,294,40,93,.430,7,25,.280,33,68,.485,.468,10,12,.833,20,47,67,28,17,2,17,16,97
72,Jalen Brunson,PG,23,DAL,18,3,304,54,116,.466,10,37,.270,44,79,.557,.509,20,29,.690,11,35,46,50,10,0,19,25,138
73,Thomas Bryant,C,22,WAS,17,17,480,98,173,.566,10,34,.294,88,139,.633,.595,36,47,.766,38,107,145,45,8,18,23,41,242
74,Trey Burke,PG,27,PHI,7,0,122,16,45,.356,5,13,.385,11,32,.344,.411,6,8,.750,4,7,11,23,3,1,4,5,43
75,Alec Burks,SG,28,GSW,17,8,485,83,204,.407,25,70,.357,58,134,.433,.468,64,72,.889,9,67,76,46,15,6,23,39,255
76,Deonte Burton,SG,26,OKC,10,0,84,12,30,.400,5,16,.313,7,14,.500,.483,3,4,.750,3,17,20,2,1,1,3,10,32
77,Jimmy Butler,SF,30,MIA,14,14,466,75,176,.426,9,37,.243,66,139,.475,.452,103,119,.866,26,49,75,93,36,11,34,18,262
78,Bruno Caboclo,SF,24,MEM,10,0,87,14,32,.438,3,13,.231,11,19,.579,.484,0,0,,6,12,18,5,4,8,4,12,31
79,Kentavious Caldwell-Pope,SG,26,LAL,19,9,440,58,130,.446,22,55,.400,36,75,.480,.531,14,18,.778,9,33,42,27,13,3,15,33,152
80,Vlatko Čančar,SF,22,DEN,1,0,2,0,0,,0,0,,0,0,,,0,0,,0,0,0,0,0,0,0,0,0
81,Clint Capela,C,25,HOU,15,15,478,100,157,.637,0,0,,100,157,.637,.637,19,43,.442,56,164,220,15,13,30,23,43,219
82,DeMarre Carroll,SF,33,SAS,9,0,100,7,22,.318,3,11,.273,4,11,.364,.386,4,4,1.000,7,19,26,9,1,2,5,14,21
83,,,,,,,,,,,,,,,,,,,,,,,,,,,,,
84,Jevon Carter,PG,24,PHO,13,2,196,20,49,.408,12,30,.400,8,19,.421,.531,4,4,1.000,3,22,25,24,12,5,15,21,56
85,Vince Carter,SF,43,ATL,15,0,231,28,84,.333,13,55,.236,15,29,.517,.411,6,8,.750,3,28,31,11,5,3,10,28,75
86,Wendell Carter,C,20,CHI,20,20,579,99,174,.569,2,13,.154,97,161,.602,.575,54,79,.684,75,119,194,18,13,16,26,81,254
87,Michael Carter-Williams,SG,28,ORL,10,0,149,14,47,.298,3,17,.176,11,30,.367,.330,16,20,.800,11,20,31,13,8,6,8,17,47
88,Alex Caruso,PG,25,LAL,17,0,338,32,80,.400,10,37,.270,22,43,.512,.463,6,10,.600,1,28,29,35,19,6,18,23,80
89,Willie Cauley-Stein,C,26,GSW,17,16,383,57,105,.543,0,0,,57,105,.543,.543,13,17,.765,22,84,106,28,18,19,16,49,127
90,Tyson Chandler,C,37,HOU,17,4,155,12,16,.750,0,0,,12,16,.750,.750,5,9,.556,18,29,47,6,5,7,6,22,29
91,Zylan Cheatham,SF,24,NOP,2,0,20,1,4,.250,0,1,.000,1,3,.333,.250,0,0,,0,3,3,1,0,0,1,3,2
92,Chris Chiozza,PG,24,WAS,4,0,42,2,11,.182,2,4,.500,0,7,.000,.273,0,0,,0,4,4,7,2,2,4,6,6
93,Marquese Chriss,PF,22,GSW,19,1,339,51,102,.500,3,15,.200,48,87,.552,.515,38,44,.864,27,62,89,43,16,19,27,41,143
94,Gary Clark,PF,25,HOU,6,0,64,8,19,.421,5,15,.333,3,4,.750,.553,0,0,,5,10,15,5,1,1,0,5,21
95,Brandon Clarke,PF,23,MEM,17,1,370,92,143,.643,10,21,.476,82,122,.672,.678,19,23,.826,24,81,105,22,9,17,19,29,213
96,Jordan Clarkson,SG,27,CLE,19,0,427,87,208,.418,33,93,.355,54,115,.470,.498,62,70,.886,11,32,43,48,11,6,24,23,269
97,Nicolas Claxton,PF,20,BRK,9,0,119,11,21,.524,0,5,.000,11,16,.688,.524,5,12,.417,8,14,22,11,1,5,6,10,27
98,Chris Clemons,SG,22,HOU,13,0,116,24,52,.462,18,43,.419,6,9,.667,.635,3,4,.750,2,7,9,6,2,2,6,12,69
99,John Collins,PF,22,ATL,5,5,161,32,61,.525,9,19,.474,23,42,.548,.598,12,17,.706,10,34,44,8,5,10,7,17,85
100,Zach Collins,PF,22,POR,3,3,86,9,19,.474,3,7,.429,6,12,.500,.553,6,6,1.000,4,8,12,6,0,2,6,11,27
101,Mike Conley,PG,32,UTA,19,19,579,87,241,.361,35,99,.354,52,142,.366,.434,56,71,.789,14,54,68,88,14,2,39,41,265
102,Pat Connaughton,SG,27,MIL,18,0,323,39,82,.476,15,48,.313,24,34,.706,.567,9,10,.900,9,62,71,31,5,10,9,18,102
103,Quinn Cook,PG,26,LAL,16,0,239,39,88,.443,12,32,.375,27,56,.482,.511,2,3,.667,4,18,22,28,6,1,14,10,92
104,,,,,,,,,,,,,,,,,,,,,,,,,,,,,
105,Tyler Cook,PF,22,CLE,6,0,17,5,6,.833,0,0,,5,6,.833,.833,2,2,1.000,3,2,5,0,1,0,1,1,12
106,Robert Covington,PF,29,MIN,17,17,460,69,156,.442,32,93,.344,37,63,.587,.545,35,40,.875,13,81,94,20,24,17,27,47,205
107,Allen Crabbe,SG,27,ATL,10,1,189,20,54,.370,8,33,.242,12,21,.571,.444,5,7,.714,5,22,27,9,5,2,4,7,53
108,Torrey Craig,SF,29,DEN,13,2,187,14,41,.341,4,20,.200,10,21,.476,.390,4,9,.444,9,26,35,15,5,11,5,26,36
109,Jae Crowder,SF,29,MEM,18,18,556,66,158,.418,41,115,.357,25,43,.581,.547,24,35,.686,13,93,106,50,16,7,27,38,197
110,Jarrett Culver,SG,20,MIN,18,8,425,62,171,.363,20,71,.282,42,100,.420,.421,16,38,.421,18,36,54,42,17,9,26,40,160
111,Seth Curry,SG,29,DAL,16,9,335,42,97,.433,23,61,.377,19,36,.528,.552,22,24,.917,6,19,25,26,9,3,12,28,129
112,Stephen Curry,PG,31,GSW,4,4,112,27,66,.409,9,37,.243,18,29,.621,.477,18,18,1.000,4,16,20,26,5,2,15,10,81
113,Troy Daniels,SG,28,LAL,14,0,211,25,72,.347,16,53,.302,9,19,.474,.458,3,3,1.000,3,16,19,6,5,1,4,8,69
114,Anthony Davis,PF,26,LAL,18,18,621,162,338,.479,21,62,.339,141,276,.511,.510,124,143,.867,47,119,166,63,27,51,45,43,469
115,Ed Davis,C,30,UTA,7,0,85,4,10,.400,0,0,,4,10,.400,.400,2,4,.500,10,26,36,2,2,3,6,19,10
116,Terence Davis,SG,22,TOR,18,0,279,44,90,.489,21,49,.429,23,41,.561,.606,11,11,1.000,10,44,54,36,8,4,10,37,120
117,Dewayne Dedmon,C,30,SAC,18,4,272,39,95,.411,10,44,.227,29,51,.569,.463,11,13,.846,24,49,73,8,8,8,26,46,99
118,Matthew Dellavedova,PG,29,CLE,17,0,232,13,52,.250,3,31,.097,10,21,.476,.279,12,13,.923,4,20,24,38,7,1,15,27,41
119,DeMar DeRozan,SF,30,SAS,20,20,681,169,321,.526,1,5,.200,168,316,.532,.528,95,117,.812,10,101,111,93,19,11,53,59,434
120,Cheick Diallo,C,23,PHO,13,0,124,31,39,.795,0,0,,31,39,.795,.795,8,9,.889,10,26,36,7,0,4,6,13,70
121,Hamidou Diallo,SF,21,OKC,12,1,256,46,92,.500,2,13,.154,44,79,.557,.511,11,18,.611,14,32,46,10,18,4,14,29,105
122,Gorgui Dieng,C,30,MIN,14,2,177,30,64,.469,7,21,.333,23,43,.535,.523,12,16,.750,13,48,61,19,10,15,8,18,79
123,Spencer Dinwiddie,SG,26,BRK,19,8,548,122,292,.418,36,114,.316,86,178,.483,.479,104,120,.867,3,46,49,113,15,11,45,66,384
124,Donte DiVincenzo,SG,23,MIL,17,10,357,56,129,.434,23,64,.359,33,65,.508,.523,11,16,.688,16,57,73,26,24,2,17,29,146
125,,,,,,,,,,,,,,,,,,,,,,,,,,,,,
126,Luka Dončić,PG,20,DAL,18,18,615,177,364,.486,55,169,.325,122,195,.626,.562,145,176,.824,27,152,179,173,26,3,81,48,554
127,Damyean Dotson,SG,25,NYK,15,0,218,30,79,.380,12,42,.286,18,37,.486,.456,7,9,.778,2,21,23,14,7,3,7,12,79
128,Sekou Doumbouya,SF,19,DET,1,0,2,0,1,.000,0,1,.000,0,0,,.000,0,0,,0,0,0,0,0,0,0,0,0
129,Goran Dragić,PG,33,MIA,17,1,486,88,190,.463,36,90,.400,52,100,.520,.558,51,72,.708,5,51,56,84,12,4,46,29,263
130,Andre Drummond,C,26,DET,19,19,656,140,257,.545,0,10,.000,140,247,.567,.545,52,81,.642,87,238,325,60,29,33,75,80,332
131,Jared Dudley,SF,34,LAL,11,0,86,4,10,.400,4,7,.571,0,3,.000,.600,2,2,1.000,0,8,8,8,3,1,2,8,14
132,Kris Dunn,PG,25,CHI,20,1,410,54,128,.422,7,40,.175,47,88,.534,.449,9,13,.692,9,52,61,61,39,6,20,65,124
133,Carsen Edwards,SG,21,BOS,16,0,186,23,73,.315,14,43,.326,9,30,.300,.411,9,11,.818,5,26,31,16,6,2,8,15,69
134,Henry Ellenson,PF,23,BRK,1,0,3,0,0,,0,0,,0,0,,,0,0,,0,0,0,0,0,0,0,0,0
135,Wayne Ellington,SG,32,NYK,15,1,225,24,73,.329,21,66,.318,3,7,.429,.473,4,6,.667,0,25,25,14,2,2,10,15,73
136,Joel Embiid,C,25,PHI,16,16,481,118,258,.457,19,62,.306,99,196,.505,.494,110,135,.815,43,154,197,45,14,23,47,55,365
137,James Ennis,SF,29,PHI,20,0,334,52,97,.536,18,41,.439,34,56,.607,.629,27,35,.771,26,43,69,16,10,6,14,38,149
138,Drew Eubanks,PF,22,SAS,2,0,3,0,3,.000,0,0,,0,3,.000,.000,0,0,,2,1,3,0,0,0,1,2,0
139,Jacob Evans,SG,22,GSW,3,0,43,5,12,.417,4,8,.500,1,4,.250,.583,4,4,1.000,1,4,5,2,0,0,1,2,18
140,Dante Exum,SG,24,UTA,6,0,41,4,10,.400,1,3,.333,3,7,.429,.450,0,0,,2,4,6,4,1,1,2,4,9
141,Tacko Fall,C,24,BOS,1,0,4,2,4,.500,0,0,,2,4,.500,.500,0,0,,0,3,3,0,0,0,1,2,4
142,Derrick Favors,C,28,NOP,9,7,189,36,58,.621,1,2,.500,35,56,.625,.629,2,6,.333,31,49,80,19,5,4,14,21,75
143,Terrance Ferguson,SF,21,OKC,17,17,435,35,80,.438,20,54,.370,15,26,.577,.563,7,9,.778,11,20,31,17,9,6,11,52,97
144,Bruno Fernando,C,21,ATL,20,0,260,39,70,.557,4,14,.286,35,56,.625,.586,13,22,.591,26,35,61,23,5,9,21,34,95
145,Yogi Ferrell,PG,26,SAC,14,0,174,22,55,.400,6,20,.300,16,35,.457,.455,13,15,.867,4,18,22,20,4,1,10,11,63
146,,,,,,,,,,,,,,,,,,,,,,,,,,,,,
147,Dorian Finney-Smith,PF,26,DAL,18,15,480,58,121,.479,21,64,.328,37,57,.649,.566,23,33,.697,31,62,93,17,11,6,18,34,160
148,Bryn Forbes,SG,26,SAS,20,20,540,89,223,.399,48,137,.350,41,86,.477,.507,31,34,.912,7,46,53,39,10,0,13,37,257
149,Evan Fournier,SG,27,ORL,18,18,549,113,243,.465,43,105,.410,70,138,.507,.553,63,74,.851,2,52,54,62,19,3,38,38,332
150,De'Aaron Fox,PG,22,SAC,9,9,288,55,128,.430,10,30,.333,45,98,.459,.469,44,62,.710,5,31,36,63,7,5,37,27,164
151,Melvin Frazier,SG,23,ORL,2,0,8,1,5,.200,0,1,.000,1,4,.250,.200,0,0,,1,0,1,1,0,0,0,0,2
152,Tim Frazier,PG,29,DET,10,4,124,8,38,.211,3,13,.231,5,25,.200,.250,11,14,.786,3,6,9,30,8,1,12,17,30
153,Markelle Fultz,PG,21,ORL,18,13,449,85,172,.494,8,36,.222,77,136,.566,.517,30,37,.811,9,33,42,63,24,3,32,41,208
154,Wenyen Gabriel,PF,22,SAC,7,0,47,5,16,.313,1,8,.125,4,8,.500,.344,5,9,.556,4,4,8,3,2,2,3,6,16
155,Daniel Gafford,C,21,CHI,11,0,108,18,27,.667,0,0,,18,27,.667,.667,7,14,.500,11,10,21,1,0,7,1,15,43
156,Danilo Gallinari,PF,31,OKC,18,18,536,97,222,.437,49,119,.412,48,103,.466,.547,85,92,.924,9,85,94,38,12,2,25,28,328
157,Langston Galloway,SG,28,DET,19,6,532,73,172,.424,46,111,.414,27,61,.443,.558,43,47,.915,7,34,41,33,11,7,16,25,235
158,Darius Garland,PG,20,CLE,19,19,536,78,205,.380,32,84,.381,46,121,.380,.459,20,24,.833,4,25,29,59,16,0,50,25,208
159,Marc Gasol,C,35,TOR,18,18,515,34,110,.309,20,57,.351,14,53,.264,.400,17,21,.810,13,106,119,60,9,17,24,57,105
160,Rudy Gay,PF,33,SAS,20,1,465,83,176,.472,19,66,.288,64,110,.582,.526,40,46,.870,28,94,122,40,7,10,31,31,225
161,Paul George,SF,29,LAC,9,9,265,63,148,.426,34,87,.391,29,61,.475,.541,43,46,.935,6,49,55,35,14,3,35,22,203
162,Taj Gibson,C,34,NYK,17,11,270,42,77,.545,1,5,.200,41,72,.569,.552,9,13,.692,34,40,74,19,9,2,12,41,94
163,Harry Giles,PF,21,SAC,7,0,52,11,25,.440,0,0,,11,25,.440,.440,2,2,1.000,3,4,7,5,2,3,5,13,24
164,Shai Gilgeous-Alexander,SG,21,OKC,18,18,619,124,278,.446,26,70,.371,98,208,.471,.493,55,71,.775,14,73,87,56,17,10,40,33,329
165,Rudy Gobert,C,27,UTA,17,17,589,83,129,.643,0,0,,83,129,.643,.643,61,95,.642,55,182,237,19,16,35,38,56,227
166,Aaron Gordon,PF,24,ORL,15,15,458,69,170,.406,16,57,.281,53,113,.469,.453,37,51,.725,24,71,95,42,11,8,19,36,191
167,,,,,,,,,,,,,,,,,,,,,,,,,,,,,
168,Eric Gordon,SG,31,HOU,9,2,265,34,110,.309,21,74,.284,13,36,.361,.405,9,14,.643,3,14,17,7,5,2,12,21,98
169,Devonte' Graham,PG,24,CHO,21,11,698,126,302,.417,71,172,.413,55,130,.423,.535,59,74,.797,17,57,74,156,12,5,66,34,382
170,Treveon Graham,SG,26,MIN,17,16,417,41,120,.342,11,55,.200,30,65,.462,.388,14,18,.778,18,47,65,22,12,2,11,42,107
171,Jerami Grant,PF,25,DEN,17,0,382,60,137,.438,17,54,.315,43,83,.518,.500,22,35,.629,10,52,62,17,6,9,12,28,159
172,Josh Gray,PG,26,NOP,2,0,23,1,2,.500,0,0,,1,2,.500,.500,0,0,,1,1,2,2,0,0,5,1,2
173,Danny Green,SG,32,LAL,19,19,480,59,129,.457,37,90,.411,22,39,.564,.601,8,11,.727,13,51,64,22,24,10,20,48,163
174,Draymond Green,PF,29,GSW,12,12,339,37,95,.389,9,33,.273,28,62,.452,.437,17,23,.739,6,75,81,66,15,7,24,29,100
175,JaMychal Green,PF,29,LAC,20,0,454,54,129,.419,33,87,.379,21,42,.500,.547,16,19,.842,29,113,142,10,12,7,20,51,157
176,Javonte Green,SF,26,BOS,12,0,76,16,29,.552,2,8,.250,14,21,.667,.586,2,5,.400,2,8,10,3,4,0,3,10,36
177,Jeff Green,PF,33,UTA,19,1,363,42,120,.350,22,67,.328,20,53,.377,.442,37,48,.771,7,48,55,12,8,10,22,31,143
178,Blake Griffin,PF,30,DET,7,7,210,45,105,.429,11,43,.256,34,62,.548,.481,37,47,.787,10,26,36,23,2,3,20,11,138
179,Marko Guduric,SG,24,MEM,18,0,284,37,96,.385,14,45,.311,23,51,.451,.458,9,9,1.000,10,27,37,27,6,4,20,17,97
180,Rui Hachimura,PF,21,WAS,17,17,455,91,191,.476,6,30,.200,85,161,.528,.492,22,26,.846,27,65,92,25,13,3,15,35,210
181,Devon Hall,SG,24,OKC,2,0,15,1,4,.250,0,2,.000,1,2,.500,.250,3,4,.750,0,1,1,2,0,0,1,1,5
182,Tim Hardaway,SG,27,DAL,18,5,433,78,186,.419,43,111,.387,35,75,.467,.535,34,43,.791,5,32,37,33,9,2,9,39,233
183,James Harden,SG,30,HOU,19,19,700,204,457,.446,94,265,.355,110,192,.573,.549,237,274,.865,17,96,113,149,32,10,100,59,739
184,Maurice Harkless,SF,26,LAC,20,10,441,46,92,.500,10,27,.370,36,65,.554,.554,11,20,.550,18,43,61,23,22,16,20,62,113
185,Jared Harper,PG,22,PHO,1,0,2,0,1,.000,0,1,.000,0,0,,.000,0,0,,0,0,0,0,0,0,0,0,0
186,Montrezl Harrell,C,26,LAC,20,2,597,155,263,.589,0,6,.000,155,257,.603,.589,61,92,.663,59,93,152,46,17,25,37,46,371
187,Gary Harris,SG,25,DEN,17,17,549,71,172,.413,25,72,.347,46,100,.460,.485,22,29,.759,9,47,56,30,22,6,16,38,189
188,,,,,,,,,,,,,,,,,,,,,,,,,,,,,
189,Joe Harris,SF,28,BRK,19,19,606,101,212,.476,52,120,.433,49,92,.533,.599,13,18,.722,17,58,75,35,15,8,27,51,267
190,Tobias Harris,PF,27,PHI,20,20,684,143,290,.493,25,83,.301,118,207,.570,.536,50,65,.769,14,128,142,63,21,16,41,59,361
191,Shaquille Harrison,SF,26,CHI,12,4,117,17,43,.395,3,9,.333,14,34,.412,.430,8,14,.571,5,22,27,17,5,4,5,14,45
192,Josh Hart,SF,24,NOP,12,4,333,47,107,.439,26,70,.371,21,37,.568,.561,25,32,.781,16,59,75,17,15,4,18,33,145
193,Isaiah Hartenstein,C,21,HOU,7,0,94,11,15,.733,0,1,.000,11,14,.786,.733,9,11,.818,8,17,25,4,2,4,6,15,31
194,Udonis Haslem,PF,39,MIA,2,0,11,1,1,1.000,0,0,,1,1,1.000,1.000,3,4,.750,0,3,3,0,0,0,0,3,5
195,Jaxson Hayes,C,19,NOP,16,7,311,52,85,.612,0,2,.000,52,83,.627,.612,27,44,.614,32,36,68,11,13,15,16,50,131
196,Gordon Hayward,SF,29,BOS,8,8,249,61,110,.555,13,30,.433,48,80,.600,.614,16,19,.842,6,51,57,33,6,2,15,15,151
197,John Henson,PF,29,CLE,1,0,8,1,2,.500,0,1,.000,1,1,1.000,.500,1,6,.167,2,1,3,0,2,2,1,0,3
198,Dewan Hernandez,C,23,TOR,2,0,8,1,2,.500,0,1,.000,1,1,1.000,.500,0,0,,0,4,4,0,1,0,1,3,2
199,Juan Hernangómez,PF,24,DEN,10,0,130,12,27,.444,7,18,.389,5,9,.556,.574,3,7,.429,4,21,25,7,0,3,7,7,34
200,Willy Hernangómez,C,25,CHO,7,0,57,9,20,.450,2,5,.400,7,15,.467,.500,4,8,.500,9,12,21,2,1,3,5,4,24
201,Tyler Herro,SG,20,MIA,17,3,505,91,200,.455,38,93,.409,53,107,.495,.550,36,44,.818,6,66,72,37,13,2,39,25,256
202,Mario Hezonja,PF,24,POR,18,4,328,30,83,.361,10,29,.345,20,54,.370,.422,19,23,.826,11,72,83,18,12,2,18,41,89
203,Buddy Hield,SG,27,SAC,18,18,602,132,317,.416,69,184,.375,63,133,.474,.525,36,41,.878,15,68,83,43,14,8,51,46,369
204,George Hill,PG,33,MIL,18,0,397,61,115,.530,29,57,.509,32,58,.552,.657,24,30,.800,18,35,53,57,13,2,11,32,175
205,Solomon Hill,SF,28,MEM,16,0,280,30,69,.435,17,41,.415,13,28,.464,.558,9,14,.643,8,41,49,26,11,1,13,25,86
206,Jaylen Hoard,SF,20,POR,3,0,11,1,2,.500,0,0,,1,2,.500,.500,0,0,,1,3,4,1,1,0,0,1,2
207,Aaron Holiday,PG,23,IND,17,8,367,61,151,.404,25,63,.397,36,88,.409,.487,9,10,.900,9,37,46,52,17,1,26,29,156
208,Jrue Holiday,SG,29,NOP,17,17,616,128,294,.435,32,92,.348,96,202,.475,.490,35,45,.778,19,68,87,123,36,13,61,42,323
209,,,,,,,,,,,,,,,,,,,,,,,,,,,,,
210,Justin Holiday,SG,30,IND,19,2,476,49,122,.402,28,77,.364,21,45,.467,.516,19,23,.826,8,64,72,32,20,13,11,35,145
211,Rondae Hollis-Jefferson,SF,25,TOR,11,0,246,42,74,.568,0,2,.000,42,72,.583,.568,22,30,.733,32,37,69,19,9,3,14,23,106
212,Richaun Holmes,C,26,SAC,18,14,494,85,131,.649,0,0,,85,131,.649,.649,29,38,.763,44,104,148,16,14,27,19,74,199
213,Rodney Hood,SF,27,POR,18,18,548,83,156,.532,33,65,.508,50,91,.549,.638,21,27,.778,9,55,64,28,16,4,17,41,220
214,Al Horford,C,33,PHI,18,18,562,106,220,.482,25,72,.347,81,148,.547,.539,22,33,.667,33,93,126,73,19,17,21,39,259
215,Danuel House,SF,26,HOU,14,13,416,55,116,.474,36,81,.444,19,35,.543,.629,27,34,.794,16,48,64,16,18,10,13,28,173
216,Dwight Howard,C,34,LAL,19,0,386,52,69,.754,0,0,,52,69,.754,.754,27,47,.574,41,94,135,15,7,28,22,77,131
217,Kevin Huerter,SG,21,ATL,10,3,225,32,75,.427,17,44,.386,15,31,.484,.540,12,15,.800,6,29,35,28,6,3,17,21,93
218,De'Andre Hunter,SF,22,ATL,20,20,633,85,216,.394,34,93,.366,51,123,.415,.472,34,44,.773,10,72,82,35,12,5,37,54,238
219,Chandler Hutchison,SF,23,CHI,9,6,154,20,44,.455,5,12,.417,15,32,.469,.511,19,29,.655,1,32,33,8,5,2,12,12,64
220,Serge Ibaka,C,30,TOR,8,0,183,44,84,.524,5,16,.313,39,68,.574,.554,19,23,.826,7,45,52,6,5,10,17,19,112
221,Ersan İlyasova,PF,32,MIL,18,0,291,44,90,.489,14,46,.304,30,44,.682,.567,21,25,.840,21,62,83,10,8,6,5,31,123
222,Joe Ingles,SF,32,UTA,19,1,522,45,128,.352,25,87,.287,20,41,.488,.449,20,25,.800,5,74,79,62,15,2,26,42,135
223,Brandon Ingram,PF,22,NOP,15,15,504,140,285,.491,36,88,.409,104,197,.528,.554,72,89,.809,14,97,111,60,12,15,45,42,388
224,Kyrie Irving,PG,27,BRK,11,11,372,112,252,.444,31,91,.341,81,161,.503,.506,59,63,.937,10,49,59,79,12,6,26,32,314
225,Jonathan Isaac,SF,22,ORL,16,16,487,80,172,.465,21,62,.339,59,110,.536,.526,27,33,.818,30,87,117,24,23,43,23,38,208
226,Wesley Iwundu,SF,25,ORL,9,3,132,8,31,.258,1,9,.111,7,22,.318,.274,13,16,.813,3,17,20,7,4,2,4,8,30
227,Frank Jackson,PG,21,NOP,18,1,284,49,126,.389,20,60,.333,29,66,.439,.468,24,30,.800,5,22,27,20,8,1,18,30,142
228,Jaren Jackson,C,20,MEM,17,17,455,93,205,.454,35,87,.402,58,118,.492,.539,35,44,.795,23,62,85,23,8,18,30,66,256
229,Justin Jackson,PF,24,DAL,17,0,221,38,78,.487,18,40,.450,20,38,.526,.603,9,11,.818,7,35,42,7,3,2,4,19,103
230,,,,,,,,,,,,,,,,,,,,,,,,,,,,,
231,Reggie Jackson,PG,29,DET,2,2,36,4,11,.364,1,5,.200,3,6,.500,.409,1,1,1.000,1,4,5,8,0,0,1,2,10
232,Justin James,SG,23,SAC,9,0,123,18,41,.439,3,13,.231,15,28,.536,.476,1,6,.167,1,16,17,8,4,5,2,8,40
233,LeBron James,PG,35,LAL,19,19,661,187,375,.499,40,111,.360,147,264,.557,.552,74,110,.673,19,115,134,209,25,12,70,28,488
234,Amile Jefferson,PF,26,ORL,3,0,9,3,3,1.000,0,0,,3,3,1.000,1.000,0,0,,2,1,3,2,0,0,1,0,6
235,DaQuan Jeffries,SG,22,SAC,2,0,11,1,1,1.000,0,0,,1,1,1.000,1.000,0,0,,1,0,1,1,0,0,0,1,2
236,Alize Johnson,SF,23,IND,7,0,36,5,11,.455,0,0,,5,11,.455,.455,3,4,.750,6,6,12,2,0,0,1,4,13
237,Cameron Johnson,PF,23,PHO,16,0,307,48,113,.425,30,75,.400,18,38,.474,.558,16,17,.941,13,33,46,12,9,5,10,27,142
238,James Johnson,PF,32,MIA,6,0,68,8,18,.444,2,9,.222,6,9,.667,.500,2,4,.500,2,9,11,4,3,2,4,5,20
239,Keldon Johnson,SF,20,SAS,1,0,2,0,1,.000,0,0,,0,1,.000,.000,0,0,,0,0,0,0,0,0,0,0,0
240,Stanley Johnson,PF,23,TOR,5,0,19,3,9,.333,1,4,.250,2,5,.400,.389,0,0,,2,5,7,0,1,0,4,6,7
241,Tyler Johnson,SG,27,PHO,18,3,360,44,110,.400,18,54,.333,26,56,.464,.482,18,24,.750,5,30,35,41,6,6,19,28,124
242,Nikola Jokić,C,24,DEN,17,17,527,108,236,.458,16,69,.232,92,167,.551,.492,33,43,.767,37,139,176,102,19,9,45,56,265
243,Damian Jones,C,24,ATL,19,11,343,54,79,.684,2,5,.400,52,74,.703,.696,21,30,.700,28,39,67,14,9,16,12,65,131
244,Derrick Jones,SF,22,MIA,4,0,57,12,20,.600,1,4,.250,11,16,.688,.625,3,3,1.000,3,5,8,2,3,0,2,11,28
245,Tyus Jones,PG,23,MEM,18,1,347,43,115,.374,5,28,.179,38,87,.437,.396,15,21,.714,0,23,23,82,15,0,24,16,106
246,DeAndre Jordan,C,31,BRK,16,3,342,50,75,.667,0,0,,50,75,.667,.667,21,33,.636,36,112,148,32,7,18,16,34,121
247,Cory Joseph,PG,28,SAC,18,9,444,40,109,.367,6,26,.231,34,83,.410,.394,13,13,1.000,11,37,48,69,14,10,24,38,99
248,Mfiondu Kabengele,C,22,LAC,4,0,14,4,6,.667,3,5,.600,1,1,1.000,.917,2,2,1.000,0,3,3,0,0,1,0,3,13
249,Frank Kaminsky,C,26,PHO,18,5,416,59,147,.401,19,66,.288,40,81,.494,.466,39,57,.684,16,79,95,37,5,7,20,38,176
250,Enes Kanter,C,27,BOS,11,3,181,32,56,.571,0,1,.000,32,55,.582,.571,18,28,.643,29,38,67,13,9,5,9,13,82
251,,,,,,,,,,,,,,,,,,,,,,,,,,,,,
252,Luke Kennard,SG,23,DET,19,16,644,107,245,.437,50,128,.391,57,117,.487,.539,54,61,.885,4,63,67,83,9,4,26,44,318
253,Stanton Kidd,SF,27,UTA,4,0,15,0,3,.000,0,1,.000,0,2,.000,.000,0,0,,0,3,3,1,0,0,2,3,0
254,Michael Kidd-Gilchrist,PF,26,CHO,2,0,18,2,10,.200,1,3,.333,1,7,.143,.250,2,2,1.000,1,5,6,1,0,0,1,3,7
255,Maxi Kleber,C,28,DAL,17,5,433,48,114,.421,25,70,.357,23,44,.523,.531,16,18,.889,26,73,99,17,4,13,12,35,137
256,Brandon Knight,PG,28,CLE,6,0,76,11,32,.344,9,26,.346,2,6,.333,.484,2,4,.500,1,6,7,12,2,0,6,8,33
257,Kevin Knox,SF,20,NYK,18,1,357,45,117,.385,24,63,.381,21,54,.389,.487,27,42,.643,9,43,52,26,10,4,13,31,141
258,John Konchar,SG,23,MEM,1,0,7,0,0,,0,0,,0,0,,,0,0,,0,0,0,0,0,0,0,0,0
259,Furkan Korkmaz,SG,22,PHI,19,7,435,63,145,.434,33,91,.363,30,54,.556,.548,15,19,.789,4,40,44,15,6,5,15,32,174
260,Luke Kornet,C,24,CHI,11,0,126,15,44,.341,5,24,.208,10,20,.500,.398,5,5,1.000,5,15,20,6,2,9,3,12,40
261,Kyle Korver,SF,38,MIL,16,0,236,30,80,.375,25,65,.385,5,15,.333,.531,6,8,.750,6,19,25,6,7,4,13,12,91
262,Rodions Kurucs,PF,21,BRK,10,0,99,9,23,.391,3,7,.429,6,16,.375,.457,2,6,.333,5,17,22,1,5,0,12,16,23
263,Kyle Kuzma,PF,24,LAL,15,1,339,65,142,.458,25,70,.357,40,72,.556,.546,21,27,.778,6,48,54,12,2,5,26,29,176
264,Skal Labissière,C,23,POR,20,0,335,55,97,.567,2,7,.286,53,90,.589,.577,15,22,.682,42,60,102,23,5,21,23,56,127
265,Jeremy Lamb,SG,27,IND,10,10,330,65,134,.485,12,40,.300,53,94,.564,.530,29,34,.853,6,50,56,29,10,7,15,23,171
266,Romeo Langford,SG,20,BOS,1,0,0,0,0,,0,0,,0,0,,,0,0,,0,0,0,0,0,0,0,0,0
267,Zach LaVine,SG,24,CHI,20,20,642,156,362,.431,59,147,.401,97,215,.451,.512,72,89,.809,16,66,82,79,26,10,65,52,443
268,Jake Layman,PF,25,MIN,14,2,369,61,132,.462,19,54,.352,42,78,.538,.534,6,10,.600,12,29,41,11,12,10,18,31,147
269,T.J. Leaf,PF,22,IND,15,1,158,26,58,.448,5,11,.455,21,47,.447,.491,5,8,.625,20,37,57,6,7,3,6,14,62
270,Courtney Lee,SG,34,DAL,5,3,47,10,17,.588,4,7,.571,6,10,.600,.706,0,0,,0,2,2,3,0,2,0,5,24
271,Damion Lee,SG,27,GSW,11,0,241,35,91,.385,12,35,.343,23,56,.411,.451,28,33,.848,9,34,43,20,8,0,13,18,110
272,,,,,,,,,,,,,,,,,,,,,,,,,,,,,
273,Alex Len,C,26,ATL,19,9,317,47,99,.475,4,25,.160,43,74,.581,.495,27,40,.675,26,57,83,16,6,16,20,42,125
274,Kawhi Leonard,SF,28,LAC,14,14,445,127,292,.435,22,73,.301,105,219,.479,.473,79,94,.840,15,96,111,77,28,12,50,31,355
275,Meyers Leonard,PF,27,MIA,18,18,340,45,75,.600,15,29,.517,30,46,.652,.700,4,8,.500,5,71,76,15,6,8,17,40,109
276,Caris LeVert,SG,25,BRK,9,9,284,59,140,.421,13,36,.361,46,104,.442,.468,20,31,.645,10,35,45,36,6,1,31,20,151
277,Damian Lillard,PG,29,POR,18,18,666,153,342,.447,59,162,.364,94,180,.522,.534,127,138,.920,11,75,86,131,19,9,50,38,492
278,Nassir Little,PF,19,POR,13,3,207,23,56,.411,5,23,.217,18,33,.545,.455,11,18,.611,16,35,51,7,5,4,7,27,62
279,Kevon Looney,C,23,GSW,1,1,10,1,4,.250,1,1,1.000,0,3,.000,.375,0,0,,5,4,9,1,0,0,1,3,3
280,Brook Lopez,C,31,MIL,19,19,513,69,168,.411,28,97,.289,41,71,.577,.494,37,40,.925,11,83,94,30,14,46,20,43,203
281,Robin Lopez,C,31,MIL,20,1,279,40,78,.513,11,32,.344,29,46,.630,.583,8,15,.533,19,37,56,14,3,12,27,33,99
282,Kevin Love,PF,31,CLE,16,16,506,83,186,.446,36,99,.364,47,87,.540,.543,74,84,.881,16,162,178,46,11,6,46,26,276
283,Kyle Lowry,PG,33,TOR,8,8,289,54,113,.478,29,68,.426,25,45,.556,.606,37,42,.881,2,32,34,52,9,3,27,23,174
284,Timothé Luwawu-Cabarrot,SG,24,BRK,2,0,6,0,2,.000,0,1,.000,0,1,.000,.000,1,2,.500,0,0,0,0,0,0,0,0,1
285,Trey Lyles,PF,24,SAS,20,14,346,33,70,.471,16,39,.410,17,31,.548,.586,5,9,.556,29,95,124,25,4,5,15,23,87
286,Daryl Macon,SG,24,MIA,3,0,13,1,3,.333,1,2,.500,0,1,.000,.500,0,0,,0,0,0,1,0,0,2,1,3
287,Josh Magette,PG,30,ORL,2,0,8,2,5,.400,0,0,,2,5,.400,.400,0,0,,1,1,2,2,2,0,0,0,4
288,Thon Maker,C,22,DET,17,0,208,19,39,.487,6,13,.462,13,26,.500,.564,16,31,.516,10,25,35,9,6,12,10,28,60
289,Terance Mann,SG,23,LAC,15,3,120,13,27,.481,1,6,.167,12,21,.571,.500,6,7,.857,1,16,17,18,4,1,7,15,33
290,Boban Marjanović,C,31,DAL,8,1,104,24,48,.500,0,1,.000,24,47,.511,.500,10,12,.833,12,25,37,5,2,1,7,14,58
291,Lauri Markkanen,PF,22,CHI,20,20,589,80,229,.349,31,110,.282,49,119,.412,.417,74,91,.813,20,120,140,36,17,10,38,38,265
292,Caleb Martin,SF,24,CHO,3,0,25,2,9,.222,0,3,.000,2,6,.333,.222,1,3,.333,0,4,4,3,1,2,3,2,5
293,,,,,,,,,,,,,,,,,,,,,,,,,,,,,
294,Cody Martin,SF,24,CHO,16,0,189,15,42,.357,1,18,.056,14,24,.583,.369,15,22,.682,8,28,36,18,13,1,7,19,46
295,Kelan Martin,SF,24,MIN,8,0,116,15,44,.341,5,24,.208,10,20,.500,.398,0,0,,2,23,25,2,1,1,3,18,35
296,Frank Mason,PG,25,MIL,2,0,10,1,4,.250,1,2,.500,0,2,.000,.375,1,2,.500,0,0,0,2,0,0,0,1,4
297,Garrison Mathews,SG,23,WAS,2,0,14,0,2,.000,0,2,.000,0,0,,.000,0,0,,0,1,1,2,0,0,1,3,0
298,Wesley Matthews,SG,33,MIL,20,20,494,57,127,.449,34,87,.391,23,40,.575,.583,20,24,.833,2,43,45,27,11,2,17,23,168
299,Patrick McCaw,SF,24,TOR,2,0,40,3,5,.600,1,3,.333,2,2,1.000,.700,1,2,.500,2,4,6,3,3,0,3,3,8
300,CJ McCollum,SG,28,POR,20,20,736,176,401,.439,51,134,.381,125,267,.468,.502,37,45,.822,17,75,92,76,15,16,43,58,440
301,T.J. McConnell,PG,27,IND,17,0,295,55,108,.509,1,3,.333,54,105,.514,.514,8,9,.889,9,40,49,80,10,3,26,23,119
302,Jalen McDaniels,PF,22,CHO,1,0,3,1,2,.500,0,0,,1,2,.500,.500,0,0,,1,0,1,0,0,0,0,0,2
303,Doug McDermott,PF,28,IND,19,0,395,63,143,.441,32,73,.438,31,70,.443,.552,8,10,.800,8,43,51,20,2,3,17,35,166
304,JaVale McGee,C,32,LAL,19,19,321,61,98,.622,0,0,,61,98,.622,.622,16,25,.640,35,83,118,15,11,23,17,40,138
305,Rodney McGruder,SG,28,LAC,15,2,260,23,60,.383,11,35,.314,12,25,.480,.475,3,8,.375,11,25,36,12,4,3,7,26,60
306,Alfonzo McKinnie,SF,27,CLE,13,0,145,14,35,.400,7,16,.438,7,19,.368,.500,6,9,.667,6,23,29,3,5,3,6,17,41
307,Jordan McLaughlin,PG,23,MIN,4,0,57,4,15,.267,1,8,.125,3,7,.429,.300,2,2,1.000,1,6,7,8,1,0,4,4,11
308,Ben McLemore,SG,26,HOU,19,5,396,49,134,.366,36,114,.316,13,20,.650,.500,21,25,.840,7,40,47,16,13,3,12,37,155
309,Jordan McRae,SG,28,WAS,11,0,191,37,74,.500,11,26,.423,26,48,.542,.574,13,14,.929,3,26,29,30,6,4,11,21,98
310,Nicolò Melli,C,29,NOP,17,3,274,34,78,.436,19,54,.352,15,24,.625,.558,16,20,.800,12,36,48,21,11,3,12,31,103
311,De'Anthony Melton,PG,21,MEM,7,0,57,8,21,.381,3,8,.375,5,13,.385,.452,2,4,.500,1,7,8,9,6,1,6,5,21
312,Chimezie Metu,PF,22,SAS,6,0,21,7,12,.583,0,0,,7,12,.583,.583,2,4,.500,7,4,11,2,0,2,0,0,16
313,Khris Middleton,SF,28,MIL,13,10,366,82,176,.466,25,69,.362,57,107,.533,.537,39,44,.886,11,57,68,40,11,1,26,34,228
314,,,,,,,,,,,,,,,,,,,,,,,,,,,,,
315,C.J. Miles,SG,32,WAS,10,0,161,19,59,.322,11,35,.314,8,24,.333,.415,15,20,.750,4,8,12,12,10,4,4,14,64
316,Malcolm Miller,SF,26,TOR,7,1,43,6,11,.545,5,10,.500,1,1,1.000,.773,1,4,.250,0,5,5,3,0,0,2,4,18
317,Patty Mills,PG,31,SAS,20,1,453,81,169,.479,43,97,.443,38,72,.528,.607,25,31,.806,4,22,26,41,19,4,22,32,230
318,Paul Millsap,PF,34,DEN,17,17,443,76,157,.484,20,41,.488,56,116,.483,.548,57,65,.877,35,64,99,21,16,13,18,48,229
319,Shake Milton,SG,23,PHI,8,0,70,10,29,.345,4,17,.235,6,12,.500,.414,6,7,.857,1,6,7,4,1,0,12,13,30
320,Donovan Mitchell,SG,23,UTA,19,19,662,175,395,.443,45,118,.381,130,277,.469,.500,86,103,.835,19,78,97,70,26,5,41,46,481
321,Naz Mitrou-Long,SG,26,IND,3,0,43,6,16,.375,2,11,.182,4,5,.800,.438,0,0,,0,6,6,7,1,1,2,1,14
322,Malik Monk,SG,21,CHO,21,0,445,79,177,.446,23,82,.280,56,95,.589,.511,25,30,.833,6,48,54,46,7,4,31,36,206
323,E'Twaun Moore,SG,30,NOP,14,3,301,58,133,.436,20,50,.400,38,83,.458,.511,13,20,.650,13,34,47,21,6,1,9,25,149
324,Ja Morant,PG,20,MEM,17,17,488,118,258,.457,16,39,.410,102,219,.466,.488,65,85,.765,16,38,54,109,23,5,58,29,317
325,Juwan Morgan,PF,22,UTA,1,0,3,0,0,,0,0,,0,0,,,0,0,,0,1,1,0,0,0,0,1,0
326,Marcus Morris,SF,30,NYK,19,19,628,114,269,.424,54,103,.524,60,166,.361,.524,73,87,.839,23,94,117,24,18,12,36,62,355
327,Markieff Morris,PF,30,DET,19,12,435,75,160,.469,29,73,.397,46,87,.529,.559,22,30,.733,9,61,70,31,13,4,32,45,201
328,Monte Morris,PG,24,DEN,17,0,293,46,111,.414,7,18,.389,39,93,.419,.446,14,20,.700,4,27,31,57,6,3,11,10,113
329,Johnathan Motley,PF,24,LAC,2,0,4,1,3,.333,1,1,1.000,0,2,.000,.500,0,0,,1,1,2,2,0,0,2,1,3
330,Emmanuel Mudiay,PG,23,UTA,16,0,258,53,106,.500,7,24,.292,46,82,.561,.533,17,22,.773,6,38,44,38,6,4,30,26,130
331,Dejounte Murray,PG,23,SAS,17,13,380,67,144,.465,4,22,.182,63,122,.516,.479,30,39,.769,21,86,107,70,24,5,39,39,168
332,Jamal Murray,PG,22,DEN,17,17,564,120,275,.436,32,92,.348,88,183,.481,.495,43,48,.896,13,64,77,83,28,6,43,34,315
333,Džanan Musa,SF,20,BRK,14,0,228,25,75,.333,7,38,.184,18,37,.486,.380,19,26,.731,7,34,41,16,7,1,21,13,76
334,Mike Muscala,C,28,OKC,13,0,150,15,52,.288,10,39,.256,5,13,.385,.385,7,8,.875,6,27,33,14,3,3,5,20,47
335,,,,,,,,,,,,,,,,,,,,,,,,,,,,,
336,Sviatoslav Mykhailiuk,SF,22,DET,14,0,220,21,53,.396,19,41,.463,2,12,.167,.575,2,2,1.000,4,12,16,17,4,1,12,17,63
337,Abdel Nader,SF,26,OKC,11,0,153,26,53,.491,12,27,.444,14,26,.538,.604,14,17,.824,4,17,21,7,3,3,12,10,78
338,Larry Nance,C,27,CLE,17,3,441,72,133,.541,22,56,.393,50,77,.649,.624,22,31,.710,35,95,130,22,19,7,16,28,188
339,Shabazz Napier,PG,28,MIN,6,0,133,13,43,.302,7,31,.226,6,12,.500,.384,14,16,.875,1,14,15,27,9,3,12,4,47
340,Raul Neto,PG,27,PHI,17,2,199,28,56,.500,8,19,.421,20,37,.541,.571,3,4,.750,3,15,18,26,7,2,15,10,67
341,Georges Niang,PF,26,UTA,13,0,128,18,38,.474,9,23,.391,9,15,.600,.592,6,8,.750,1,17,18,7,0,2,7,19,51
342,Nerlens Noel,C,25,OKC,17,3,316,51,79,.646,0,0,,51,79,.646,.646,27,34,.794,21,61,82,26,16,30,20,50,129
343,Zach Norvell,SG,22,LAL,2,0,5,0,1,.000,0,0,,0,1,.000,.000,0,0,,0,1,1,0,0,0,0,0,0
344,Jaylen Nowell,SG,20,MIN,2,0,15,1,4,.250,0,3,.000,1,1,1.000,.250,1,1,1.000,0,1,1,3,0,0,1,1,3
345,Frank Ntilikina,PG,21,NYK,18,14,489,46,120,.383,15,46,.326,31,74,.419,.446,13,17,.765,8,33,41,65,27,10,20,51,120
346,Kendrick Nunn,SG,24,MIA,18,18,527,117,248,.472,41,103,.398,76,145,.524,.554,20,26,.769,4,40,44,58,23,5,39,52,295
347,David Nwaba,SF,27,BRK,11,0,119,10,15,.667,3,6,.500,7,9,.778,.767,6,10,.600,4,18,22,4,4,6,5,16,29
348,Royce O'Neale,PF,26,UTA,19,18,555,40,81,.494,23,48,.479,17,33,.515,.636,10,12,.833,2,85,87,49,14,6,17,55,113
349,Kyle O'Quinn,C,29,PHI,13,0,120,18,33,.545,5,12,.417,13,21,.619,.621,2,6,.333,13,30,43,17,2,7,12,18,43
350,Semi Ojeleye,PF,25,BOS,18,1,229,17,41,.415,8,23,.348,9,18,.500,.512,5,8,.625,4,22,26,6,5,1,4,17,47
351,Jahlil Okafor,C,24,NOP,12,5,220,47,71,.662,1,2,.500,46,69,.667,.669,24,36,.667,21,38,59,16,4,13,18,35,119
352,Elie Okobo,PG,22,PHO,13,0,144,20,50,.400,10,24,.417,10,26,.385,.500,9,17,.529,2,13,15,36,4,0,4,8,59
353,Josh Okogie,SG,21,MIN,16,2,391,44,99,.444,10,38,.263,34,61,.557,.495,41,55,.745,24,61,85,31,18,6,24,35,139
354,KZ Okpala,SF,20,MIA,2,0,3,0,0,,0,0,,0,0,,,0,0,,0,1,1,0,0,0,1,0,0
355,Kelly Olynyk,C,28,MIA,18,0,427,57,121,.471,31,70,.443,26,51,.510,.599,21,24,.875,18,80,98,28,19,7,27,48,166
356,,,,,,,,,,,,,,,,,,,,,,,,,,,,,
357,Miye Oni,SG,22,UTA,2,0,4,0,0,,0,0,,0,0,,,0,0,,0,0,0,0,0,0,1,0,0
358,Cedi Osman,SF,24,CLE,19,19,572,68,162,.420,31,84,.369,37,78,.474,.515,18,26,.692,9,63,72,41,20,4,24,45,185
359,Kelly Oubre,SF,24,PHO,18,18,558,109,237,.460,28,79,.354,81,158,.513,.519,69,85,.812,24,83,107,31,24,10,30,58,315
360,Jabari Parker,PF,24,ATL,20,15,560,137,269,.509,22,79,.278,115,190,.605,.550,39,54,.722,40,91,131,41,31,9,38,67,335
361,Chandler Parsons,SF,31,ATL,3,0,35,4,12,.333,3,10,.300,1,2,.500,.458,0,0,,1,3,4,2,4,0,1,3,11
362,Eric Paschall,PF,23,GSW,19,13,595,119,238,.500,13,48,.271,106,190,.558,.527,72,89,.809,25,74,99,30,7,7,30,39,323
363,Patrick Patterson,PF,30,LAC,18,11,246,27,71,.380,22,55,.400,5,16,.313,.535,4,8,.500,12,36,48,13,2,2,6,14,80
364,Justin Patton,C,22,OKC,2,0,9,1,3,.333,0,1,.000,1,2,.500,.333,0,0,,0,2,2,0,0,0,1,4,2
365,Chris Paul,PG,34,OKC,18,18,547,88,197,.447,30,80,.375,58,117,.496,.523,76,86,.884,5,71,76,101,32,0,36,43,282
366,Elfrid Payton,PG,25,NYK,4,3,102,11,29,.379,5,8,.625,6,21,.286,.466,5,6,.833,3,9,12,15,10,0,7,8,32
367,Norvel Pelle,SF,26,PHI,1,0,13,0,0,,0,0,,0,0,,,3,4,.750,0,2,2,1,0,4,2,3,3
368,Theo Pinson,SG,24,BRK,10,0,154,17,64,.266,6,32,.188,11,32,.344,.313,8,9,.889,3,14,17,28,6,0,15,14,48
369,Mason Plumlee,C,29,DEN,17,0,284,49,83,.590,0,2,.000,49,81,.605,.590,23,45,.511,31,64,95,36,10,14,26,45,121
370,Vincent Poirier,C,26,BOS,6,0,31,3,8,.375,0,0,,3,8,.375,.375,1,2,.500,5,3,8,3,1,2,3,7,7
371,Jakob Pöltl,C,24,SAS,20,5,350,48,84,.571,0,0,,48,84,.571,.571,16,28,.571,44,72,116,28,10,23,19,36,112
372,Shamorie Ponds,PG,21,TOR,1,0,6,2,3,.667,0,1,.000,2,2,1.000,.667,0,0,,0,1,1,2,0,0,0,2,4
373,Jordan Poole,SG,20,GSW,20,9,523,59,210,.281,29,108,.269,30,102,.294,.350,40,46,.870,4,48,52,46,12,4,28,44,187
374,Kevin Porter,SF,19,CLE,18,1,368,43,111,.387,8,38,.211,35,73,.479,.423,19,25,.760,6,48,54,34,14,4,24,47,113
375,Michael Porter,PF,21,DEN,10,0,90,15,34,.441,2,10,.200,13,24,.542,.471,5,8,.625,8,15,23,4,0,3,6,13,37
376,Otto Porter,SF,26,CHI,9,9,226,35,84,.417,16,40,.400,19,44,.432,.512,15,20,.750,8,23,31,14,9,3,7,20,101
377,,,,,,,,,,,,,,,,,,,,,,,,,,,,,
378,Bobby Portis,C,24,NYK,19,2,418,68,169,.402,21,53,.396,47,116,.405,.464,12,18,.667,34,79,113,21,13,6,19,33,169
379,Kristaps Porziņģis,PF,24,DAL,17,17,533,105,264,.398,37,106,.349,68,158,.430,.468,47,67,.701,28,132,160,26,10,37,29,48,294
380,Dwight Powell,C,28,DAL,15,12,377,45,70,.643,4,10,.400,41,60,.683,.671,14,28,.500,24,40,64,19,10,6,16,41,108
381,Norman Powell,SG,26,TOR,18,10,502,82,178,.461,31,84,.369,51,94,.543,.548,34,40,.850,9,59,68,28,13,7,27,33,229
382,Julius Randle,PF,25,NYK,19,19,622,119,266,.447,19,70,.271,100,196,.510,.483,61,96,.635,46,126,172,69,15,3,65,57,318
383,Cam Reddish,SF,20,ATL,17,15,406,41,143,.287,13,61,.213,28,82,.341,.332,26,33,.788,10,50,60,29,15,5,30,32,121
384,J.J. Redick,SG,35,NOP,18,14,513,85,195,.436,63,136,.463,22,59,.373,.597,43,51,.843,4,51,55,35,8,5,25,28,276
385,Josh Richardson,SG,26,PHI,16,16,512,93,204,.456,32,83,.386,61,121,.504,.534,40,50,.800,10,45,55,58,18,10,37,47,258
386,Austin Rivers,SG,27,HOU,19,1,455,55,137,.401,22,77,.286,33,60,.550,.482,18,26,.692,14,36,50,26,9,2,11,36,150
387,Duncan Robinson,SF,25,MIA,18,13,446,65,142,.458,49,117,.419,16,25,.640,.630,14,15,.933,2,41,43,14,13,7,14,44,193
388,Glenn Robinson,SF,26,GSW,20,20,634,90,196,.459,25,65,.385,65,131,.496,.523,25,30,.833,32,61,93,41,20,5,18,33,230
389,Jerome Robinson,SG,22,LAC,15,0,166,20,54,.370,10,28,.357,10,26,.385,.463,2,4,.500,0,18,18,14,4,5,10,20,52
390,Justin Robinson,PG,22,WAS,4,0,12,2,5,.400,1,1,1.000,1,4,.250,.500,0,0,,1,2,3,2,0,0,2,0,5
391,Mitchell Robinson,C,21,NYK,15,6,305,53,77,.688,0,0,,53,77,.688,.688,28,43,.651,43,51,94,9,9,30,13,53,134
392,Rajon Rondo,PG,33,LAL,9,0,182,29,68,.426,13,29,.448,16,39,.410,.522,5,7,.714,4,23,27,48,9,0,15,10,76
393,Derrick Rose,PG,31,DET,14,1,331,91,181,.503,12,31,.387,79,150,.527,.536,40,46,.870,6,20,26,74,11,6,39,18,234
394,Terrence Ross,SG,28,ORL,16,0,386,66,171,.386,27,97,.278,39,74,.527,.465,25,30,.833,5,42,47,16,14,5,19,27,184
395,Terry Rozier,PG,25,CHO,21,21,678,129,301,.429,54,134,.403,75,167,.449,.518,56,65,.862,17,68,85,87,25,4,57,47,368
396,Ricky Rubio,PG,29,PHO,13,13,398,59,145,.407,17,45,.378,42,100,.420,.466,41,49,.837,7,59,66,102,15,0,26,39,176
397,D'Angelo Russell,SG,23,GSW,10,10,315,85,187,.455,28,79,.354,57,108,.528,.529,45,59,.763,2,34,36,67,8,5,34,18,243
398,,,,,,,,,,,,,,,,,,,,,,,,,,,,,
399,Domantas Sabonis,C,23,IND,17,17,584,122,238,.513,5,20,.250,117,218,.537,.523,65,81,.802,63,158,221,61,12,9,46,60,314
400,JaKarr Sampson,SF,26,IND,9,7,166,23,41,.561,2,10,.200,21,31,.677,.585,2,7,.286,7,17,24,4,5,6,6,23,50
401,Dario Šarić,PF,25,PHO,18,18,501,69,166,.416,31,84,.369,38,82,.463,.509,22,26,.846,29,98,127,36,18,9,26,45,191
402,Tomáš Satoranský,PG,28,CHI,20,20,525,70,151,.464,27,61,.443,43,90,.478,.553,20,23,.870,17,50,67,105,29,3,42,43,187
403,Admiral Schofield,SF,22,WAS,6,0,52,7,10,.700,4,7,.571,3,3,1.000,.900,4,4,1.000,2,6,8,1,0,0,0,3,22
404,Dennis Schröder,PG,26,OKC,18,0,522,108,246,.439,25,86,.291,83,160,.519,.490,36,48,.750,8,64,72,72,14,5,52,42,277
405,Mike Scott,PF,31,PHI,20,0,385,42,102,.412,21,65,.323,21,37,.568,.515,10,11,.909,15,53,68,14,5,2,9,32,115
406,Thabo Sefolosha,PF,35,HOU,16,0,182,14,42,.333,8,26,.308,6,16,.375,.429,0,0,,11,28,39,15,8,4,4,17,36
407,Collin Sexton,SG,21,CLE,19,19,581,130,297,.438,24,72,.333,106,225,.471,.478,55,69,.797,18,43,61,46,16,1,35,43,339
408,Landry Shamet,SG,22,LAC,10,10,294,30,77,.390,21,58,.362,9,19,.474,.526,10,10,1.000,0,15,15,17,4,1,12,31,91
409,Iman Shumpert,SG,29,BRK,8,0,150,15,43,.349,7,26,.269,8,17,.471,.430,3,5,.600,6,16,22,5,8,1,9,14,40
410,Pascal Siakam,PF,25,TOR,18,18,664,169,367,.460,43,114,.377,126,253,.498,.519,71,88,.807,30,125,155,71,15,14,51,55,452
411,Chris Silva,PF,23,MIA,17,0,179,27,40,.675,0,2,.000,27,38,.711,.675,18,26,.692,33,41,74,12,4,14,24,49,72
412,Ben Simmons,PG,23,PHI,18,18,618,96,184,.522,1,3,.333,95,181,.525,.524,40,65,.615,27,98,125,151,42,10,68,60,233
413,Anfernee Simons,SG,20,POR,20,1,431,75,179,.419,29,84,.345,46,95,.484,.500,26,35,.743,4,32,36,27,10,2,20,37,205
414,Marcus Smart,SG,25,BOS,18,13,587,78,201,.388,41,122,.336,37,79,.468,.490,29,33,.879,16,46,62,89,26,9,20,42,226
415,Dennis Smith,PG,22,NYK,12,0,186,24,70,.343,7,22,.318,17,48,.354,.393,6,11,.545,10,11,21,31,6,1,19,28,61
416,Ish Smith,PG,31,WAS,17,5,414,61,139,.439,13,39,.333,48,100,.480,.486,8,13,.615,11,45,56,71,13,7,19,26,143
417,Tony Snell,SF,28,DET,15,13,393,46,99,.465,33,71,.465,13,28,.464,.631,4,4,1.000,5,21,26,25,7,2,9,25,129
418,Omari Spellman,PF,22,GSW,19,0,352,53,124,.427,15,40,.375,38,84,.452,.488,30,37,.811,44,64,108,20,14,14,25,25,151
419,,,,,,,,,,,,,,,,,,,,,,,,,,,,,
420,Max Strus,SG,23,CHI,2,0,6,2,3,.667,0,1,.000,2,2,1.000,.667,1,1,1.000,1,0,1,0,0,0,0,1,5
421,Edmond Sumner,PG,24,IND,3,2,67,9,18,.500,0,3,.000,9,15,.600,.500,3,5,.600,1,2,3,6,5,1,1,9,21
422,Caleb Swanigan,PF,22,SAC,4,0,11,1,2,.500,0,0,,1,2,.500,.500,1,2,.500,1,3,4,0,1,2,3,3,3
423,Jayson Tatum,PF,21,BOS,18,18,619,135,330,.409,40,112,.357,95,218,.436,.470,60,73,.822,26,103,129,45,26,10,40,41,370
424,Jeff Teague,PG,31,MIN,14,11,408,54,131,.412,9,36,.250,45,95,.474,.447,56,67,.836,7,30,37,106,14,5,29,31,173
425,Garrett Temple,SG,33,BRK,19,10,503,61,148,.412,39,108,.361,22,40,.550,.544,18,24,.750,8,48,56,38,20,12,17,37,179
426,Daniel Theis,C,27,BOS,15,14,329,40,84,.476,2,13,.154,38,71,.535,.488,19,27,.704,27,80,107,18,8,23,11,48,101
427,Isaiah Thomas,PG,30,WAS,15,12,365,69,159,.434,29,72,.403,40,87,.460,.525,11,13,.846,1,21,22,75,7,3,32,32,178
428,Khyri Thomas,SG,23,DET,2,0,6,0,0,,0,0,,0,0,,,1,2,.500,0,0,0,0,0,0,0,0,1
429,Matt Thomas,SG,25,TOR,12,0,136,20,37,.541,14,26,.538,6,11,.545,.730,3,5,.600,1,12,13,4,4,0,4,12,57
430,Tristan Thompson,C,28,CLE,18,18,567,107,207,.517,3,7,.429,104,200,.520,.524,37,60,.617,74,113,187,42,15,22,28,45,254
431,Matisse Thybulle,SG,22,PHI,19,3,287,25,64,.391,13,34,.382,12,30,.400,.492,12,17,.706,4,16,20,18,26,13,20,46,75
432,Anthony Tolliver,PF,34,POR,15,7,267,17,58,.293,13,46,.283,4,12,.333,.405,9,11,.818,9,41,50,11,3,6,10,20,56
433,Karl-Anthony Towns,C,24,MIN,16,16,527,142,277,.513,63,142,.444,79,135,.585,.626,73,92,.793,41,160,201,65,17,24,54,54,420
434,Gary Trent,SG,21,POR,11,1,93,15,33,.455,11,23,.478,4,10,.400,.621,0,0,,3,9,12,5,2,2,2,7,41
435,Allonzo Trier,PG,24,NYK,9,1,124,19,38,.500,10,22,.455,9,16,.563,.632,19,24,.792,1,13,14,13,2,3,15,20,67
436,P.J. Tucker,PF,34,HOU,19,19,659,67,125,.536,36,78,.462,31,47,.660,.680,15,18,.833,28,88,116,27,27,9,18,60,185
437,Evan Turner,PG,31,ATL,12,0,154,19,49,.388,0,4,.000,19,45,.422,.388,10,12,.833,5,20,25,23,7,6,17,15,48
438,Myles Turner,C,23,IND,11,11,342,48,107,.449,19,45,.422,29,62,.468,.537,14,21,.667,16,50,66,11,6,27,19,28,129
439,Jonas Valančiūnas,C,27,MEM,18,18,444,103,186,.554,10,30,.333,93,156,.596,.581,28,33,.848,47,130,177,34,5,16,39,47,244
440,,,,,,,,,,,,,,,,,,,,,,,,,,,,,
441,Denzel Valentine,SF,26,CHI,6,0,42,9,22,.409,5,14,.357,4,8,.500,.523,0,0,,2,8,10,3,1,1,1,3,23
442,Jarred Vanderbilt,SF,20,DEN,3,0,9,0,0,,0,0,,0,0,,,0,0,,0,2,2,1,0,0,1,0,0
443,Fred VanVleet,PG,25,TOR,18,18,680,108,268,.403,47,123,.382,61,145,.421,.491,70,80,.875,4,66,70,131,36,2,48,40,333
444,Noah Vonleh,C,24,MIN,14,1,177,20,43,.465,1,10,.100,19,33,.576,.477,16,19,.842,17,34,51,15,4,3,13,20,57
445,Nikola Vučević,C,29,ORL,14,14,431,95,211,.450,16,50,.320,79,161,.491,.488,33,39,.846,41,121,162,49,9,15,20,27,239
446,Dean Wade,PF,23,CLE,3,0,18,1,2,.500,1,1,1.000,0,1,.000,.750,0,0,,0,2,2,0,1,0,0,3,3
447,Moritz Wagner,C,22,WAS,17,0,329,79,130,.608,19,44,.432,60,86,.698,.681,27,32,.844,26,69,95,23,12,12,40,66,204
448,Kemba Walker,PG,29,BOS,17,17,548,119,293,.406,58,149,.389,61,144,.424,.505,77,84,.917,20,60,80,80,15,8,35,31,373
449,Lonnie Walker,SG,21,SAS,13,0,65,10,27,.370,1,4,.250,9,23,.391,.389,1,7,.143,2,9,11,4,0,1,3,5,22
450,Tyrone Wallace,SG,25,ATL,12,0,146,14,42,.333,1,14,.071,13,28,.464,.345,11,17,.647,3,19,22,12,5,1,9,17,40
451,Taurean Waller-Prince,SF,25,BRK,19,19,573,90,221,.407,53,132,.402,37,89,.416,.527,18,25,.720,16,97,113,33,15,5,41,53,251
452,Derrick Walton,PG,24,LAC,4,0,12,1,2,.500,1,2,.500,0,0,,.750,0,0,,0,0,0,1,0,0,1,2,3
453,Brad Wanamaker,PG,30,BOS,18,0,311,44,88,.500,9,22,.409,35,66,.530,.551,37,41,.902,8,32,40,50,13,4,21,32,134
454,T.J. Warren,SF,26,IND,19,19,636,140,279,.502,22,57,.386,118,222,.532,.541,39,48,.813,14,51,65,20,23,6,27,48,341
455,PJ Washington,PF,21,CHO,21,21,589,94,189,.497,29,64,.453,65,125,.520,.574,31,46,.674,19,89,108,33,25,16,25,56,248
456,Yuta Watanabe,SG,25,MEM,1,0,3,2,2,1.000,0,0,,2,2,1.000,1.000,0,0,,0,1,1,0,0,0,0,1,4
457,Tremont Waters,PG,22,BOS,1,0,20,2,7,.286,1,5,.200,1,2,.500,.357,2,2,1.000,0,2,2,3,1,2,2,2,7
458,Russell Westbrook,PG,31,HOU,17,17,565,138,324,.426,21,90,.233,117,234,.500,.458,78,108,.722,23,107,130,117,25,5,73,67,375
459,Coby White,SG,19,CHI,20,0,507,94,256,.367,40,123,.325,54,133,.406,.445,31,39,.795,5,65,70,42,17,0,29,28,259
460,Derrick White,SG,25,SAS,18,6,431,63,135,.467,18,43,.419,45,92,.489,.533,40,51,.784,10,34,44,54,8,13,22,46,184
461,,,,,,,,,,,,,,,,,,,,,,,,,,,,,
462,Hassan Whiteside,C,30,POR,17,17,469,102,175,.583,0,0,,102,175,.583,.583,47,62,.758,62,149,211,16,7,37,34,50,251
463,Andrew Wiggins,SF,24,MIN,15,15,524,145,310,.468,35,99,.354,110,211,.521,.524,54,79,.684,18,63,81,49,10,17,27,36,379
464,Grant Williams,PF,21,BOS,17,0,244,12,49,.245,0,21,.000,12,28,.429,.245,12,15,.800,12,26,38,14,8,12,14,29,36
465,Kenrich Williams,PF,25,NOP,19,11,470,39,91,.429,20,57,.351,19,34,.559,.538,8,19,.421,33,80,113,34,18,14,15,52,106
466,Lou Williams,SG,33,LAC,20,3,640,139,328,.424,37,101,.366,102,227,.449,.480,119,141,.844,12,58,70,124,12,3,63,31,434
467,Marvin Williams,PF,33,CHO,21,0,412,56,114,.491,28,69,.406,28,45,.622,.614,15,18,.833,10,48,58,19,13,6,13,37,155
468,Robert Williams,C,22,BOS,16,1,230,31,42,.738,0,0,,31,42,.738,.738,6,11,.545,18,54,72,21,16,18,14,28,68
469,Nigel Williams-Goss,PG,25,UTA,4,0,8,0,2,.000,0,1,.000,0,1,.000,.000,0,0,,0,0,0,1,0,0,1,1,0
470,D.J. Wilson,PF,23,MIL,8,0,78,12,29,.414,6,22,.273,6,7,.857,.517,0,0,,3,11,14,8,0,1,4,5,30
471,Justise Winslow,SF,23,MIA,7,5,241,35,88,.398,3,15,.200,32,73,.438,.415,14,21,.667,11,39,50,32,7,3,19,25,87
472,Christian Wood,PF,24,DET,17,0,242,49,84,.583,11,24,.458,38,60,.633,.649,25,38,.658,18,53,71,6,5,17,12,13,134
473,Delon Wright,SG,27,DAL,18,2,393,52,107,.486,9,28,.321,43,79,.544,.528,26,32,.813,15,48,63,56,20,6,14,21,139
474,Thaddeus Young,PF,31,CHI,20,0,429,70,174,.402,22,68,.324,48,106,.453,.466,15,27,.556,36,55,91,33,21,6,32,34,177
475,Trae Young,PG,21,ATL,19,19,655,176,388,.454,65,168,.387,111,220,.505,.537,123,144,.854,9,71,80,159,27,1,93,22,540
476,Cody Zeller,C,27,CHO,18,17,437,79,153,.516,12,33,.364,67,120,.558,.556,31,48,.646,55,88,143,22,9,6,26,44,201
477,Ante Žižić,C,23,CLE,5,0,67,10,18,.556,0,0,,10,18,.556,.556,4,5,.800,5,10,15,0,1,1,1,8,24
478,Ivica Zubac,C,22,LAC,20,18,323,67,110,.609,0,1,.000,67,109,.615,.609,37,46,.804,48,86,134,17,4,22,16,49,171
